<?xml version="1.0" encoding="UTF-8"?>

<beans xmlns="http://www.springframework.org/schema/beans"
	xmlns:xsi="http://www.w3.org/2001/XMLSchema-instance" xmlns:aop="http://www.springframework.org/schema/aop"
	xmlns:context="http://www.springframework.org/schema/context"
	xmlns:jdbc="http://www.springframework.org/schema/jdbc" xmlns:jee="http://www.springframework.org/schema/jee"
	xmlns:lang="http://www.springframework.org/schema/lang" xmlns:mvc="http://www.springframework.org/schema/mvc"
	xmlns:webflow="http://www.springframework.org/schema/webflow-config"
	xmlns:p="http://www.springframework.org/schema/p" xmlns:tx="http://www.springframework.org/schema/tx"
	xmlns:util="http://www.springframework.org/schema/util"
	xsi:schemaLocation="http://www.springframework.org/schema/beans http://www.springframework.org/schema/beans/spring-beans-3.0.xsd
		http://www.springframework.org/schema/aop http://www.springframework.org/schema/aop/spring-aop-3.0.xsd
		http://www.springframework.org/schema/context http://www.springframework.org/schema/context/spring-context-3.0.xsd
		http://www.springframework.org/schema/jdbc http://www.springframework.org/schema/jdbc/spring-jdbc-3.0.xsd
		http://www.springframework.org/schema/jee http://www.springframework.org/schema/jee/spring-jee-3.0.xsd
		http://www.springframework.org/schema/lang http://www.springframework.org/schema/lang/spring-lang-3.0.xsd
		http://www.springframework.org/schema/webflow-config http://www.springframework.org/schema/webflow-config/spring-webflow-config-2.0.xsd
		http://www.springframework.org/schema/mvc http://www.springframework.org/schema/mvc/spring-mvc-3.0.xsd
		http://www.springframework.org/schema/tx http://www.springframework.org/schema/tx/spring-tx-3.0.xsd
		http://www.springframework.org/schema/util http://www.springframework.org/schema/util/spring-util-3.0.xsd">


	<!-- this is for scanning all the packages for Bean creation -->
	<context:component-scan base-package="com.yash.yits.controller" />
	<mvc:annotation-driven></mvc:annotation-driven>
	
	<!-- configure static folders -->
	<mvc:resources location="/WEB-INF/static/" mapping="/WEB-INF/static/**"/>
	<mvc:resources location="/components/" mapping="/components/**"/>
	<mvc:resources location="/fonts/" mapping="/fonts/**"/>
	<mvc:resources location="/images/" mapping="/images/**"/>
	<mvc:resources location="/scripts/" mapping="/scripts/**"/>
	<mvc:resources location="/styles/" mapping="/styles/**"/>

	<bean
		class="org.springframework.web.servlet.view.InternalResourceViewResolver" p:order="0">
		<property name="prefix" value="/WEB-INF/static/" />
		<property name="suffix" value=""/>
	</bean>

	<!--  each translation message file should be placed here -->
	<bean id="messageSource" class="org.springframework.context.support.ReloadableResourceBundleMessageSource">
		<property name="basenames">
			<list>
				<value>/WEB-INF/i18n/user</value>
				<value>/WEB-INF/i18n/issue</value>
			</list>
		 </property>
	</bean>     
	
	<!-- This is for configuring file up loading from screen to controller -->
	
	<bean id="multipartResolver"   class="org.springframework.web.multipart.commons.CommonsMultipartResolver">
    <!-- one of the properties available; the maximum file size in bytes -->
    	<property name="maxUploadSize" value="50000000000"/>
	</bean>



<!-- 
	<bean class="com.deere.dsfj.exceptionresolver.DSFJExceptionResolver">
		<property name="exceptionMappings">
			<props>
				<prop key="java.lang.RuntimeException">ErrorPage</prop>
			</props>
		</property>
		<property name="defaultErrorView" value="ErrorPage"></property>
	</bean> -->

	<!-- Configure to plugin JSON as request and response in method handler -->
	<!-- <bean class="org.springframework.web.servlet.mvc.method.annotation.RequestMappingHandlerAdapter"> 
		<property name="messageConverters"> <list> <ref bean="jsonMessageConverter"/> 
		</list> </property> </bean> -->

	<!-- Configure bean to convert JSON to POJO and vice versa -->
	<!-- <bean id="jsonMessageConverter" class="org.springframework.http.converter.json.MappingJackson2HttpMessageConverter" 
		/> -->

</beans>
