<?xml version="1.0" encoding="UTF-8"?>
<mappings xmlns="http://dozer.sourceforge.net"
          xmlns:xsi="http://www.w3.org/2001/XMLSchema-instance"
          xsi:schemaLocation="http://dozer.sourceforge.net
          http://dozer.sourceforge.net/schema/beanmapping.xsd">
          
          <!-- Mapping IssueTypeForm with IssueType -->
          <mapping>
          	<class-a>com.yash.yits.form.IssueForm</class-a>
          	<class-b>com.yash.yits.domain.Issue</class-b>
          </mapping>
          
          <mapping>
          	<class-a>com.yash.yits.form.UserForm</class-a>
          	<class-b>com.yash.yits.domain.User</class-b>
          </mapping>
          
          <mapping>
          	<class-a>com.yash.yits.form.IssueAssignedStatusForm</class-a>
          	<class-b>com.yash.yits.domain.IssueAssignedStatus</class-b>
          </mapping>
          
          <mapping>
          	<class-a>com.yash.yits.form.IssuePriorityForm</class-a>
          	<class-b>com.yash.yits.domain.IssuePriority</class-b>
          </mapping>
          
          <mapping>
          	<class-a>com.yash.yits.form.IssueStatusForm</class-a>
          	<class-b>com.yash.yits.domain.IssueStatus</class-b>
          </mapping>
          
          <mapping>
          	<class-a>com.yash.yits.form.IssueTypeForm</class-a>
          	<class-b>com.yash.yits.domain.IssueType</class-b>
          </mapping>
          
          <mapping>
          	<class-a>com.yash.yits.form.ProjectForm</class-a>
          	<class-b>com.yash.yits.domain.Project</class-b>
          </mapping>
          
</mappings>