<?xml version="1.0" encoding="UTF-8"?>

<!-- This is Spring configurations file for JDOrder java project.This file 
	is imported in applicationContext-root-Local/Devl.xml file -->

<beans xmlns="http://www.springframework.org/schema/beans"
	xmlns:xsi="http://www.w3.org/2001/XMLSchema-instance" xmlns:aop="http://www.springframework.org/schema/aop"
	xmlns:ehcache="http://ehcache-spring-annotations.googlecode.com/svn/schema/ehcache-spring"
	xmlns:context="http://www.springframework.org/schema/context"
	xmlns:jdbc="http://www.springframework.org/schema/jdbc" xmlns:jee="http://www.springframework.org/schema/jee"
	xmlns:jms="http://www.springframework.org/schema/jms" xmlns:lang="http://www.springframework.org/schema/lang"
	xmlns:mvc="http://www.springframework.org/schema/mvc" xmlns:p="http://www.springframework.org/schema/p"
	xmlns:tx="http://www.springframework.org/schema/tx" xmlns:util="http://www.springframework.org/schema/util"
	xsi:schemaLocation="http://www.springframework.org/schema/beans http://www.springframework.org/schema/beans/spring-beans-3.0.xsd
		http://www.springframework.org/schema/aop http://www.springframework.org/schema/aop/spring-aop-3.0.xsd
		http://ehcache-spring-annotations.googlecode.com/svn/schema/ehcache-spring  http://ehcache-spring-annotations.googlecode.com/svn/schema/ehcache-spring/ehcache-spring-1.1.xsd 		
		http://www.springframework.org/schema/context http://www.springframework.org/schema/context/spring-context-3.0.xsd
		http://www.springframework.org/schema/jdbc http://www.springframework.org/schema/jdbc/spring-jdbc-3.0.xsd
		http://www.springframework.org/schema/jee http://www.springframework.org/schema/jee/spring-jee-3.0.xsd
		http://www.springframework.org/schema/jms http://www.springframework.org/schema/jms/spring-jms-3.0.xsd
		http://www.springframework.org/schema/lang http://www.springframework.org/schema/lang/spring-lang-3.0.xsd
		http://www.springframework.org/schema/mvc http://www.springframework.org/schema/mvc/spring-mvc-3.0.xsd
		http://www.springframework.org/schema/util http://www.springframework.org/schema/util/spring-util-3.0.xsd
		http://www.springframework.org/schema/tx http://www.springframework.org/schema/tx/spring-tx-3.0.xsd">

	<context:component-scan base-package="com.yash.yits.service" />
	<context:component-scan base-package="com.yash.yits.logger" />
	<context:component-scan base-package="com.yash.yits.domain" />
	<context:component-scan base-package="com.yash.yits.form" />
	<context:component-scan base-package="com.yash.yits.dao" />
	<context:component-scan base-package="com.yash.yits.mapper" />
	

	<import resource="classpath*:spring-configuration/persistence-orm.xml" />

	<context:property-placeholder location="classpath*:/config/*.properties" />

	<!-- apache commons configuration -->

	<bean id="userProperties" class="org.apache.commons.configuration.PropertiesConfiguration">
		<constructor-arg type="java.net.URL" value="classpath:config/user-${IafConfigSuffix}.properties" />
	</bean>

	<!-- <bean id="cacheManager" class="org.springframework.cache.ehcache.EhCacheManagerFactoryBean"	p:configLocation="config/ehcache.xml" />
	
	<ehcache:config cache-manager="cacheManager"></ehcache:config> -->

	<!-- Dozer Mapping for mapping one class into another -->
		<bean class="org.dozer.spring.DozerBeanMapperFactoryBean">
			<property name="mappingFiles" value="classpath*:/dozer-mapping/issue-mapping.xml"></property>
		</bean>
		<bean class="org.dozer.DozerBeanMapper"/>

</beans>